Mês;Item;Descrição;Valor
01/06/2026;CRECHE;MATEUS;0
01/07/2026;CRECHE;MATEUS;860
01/08/2026;CRECHE;MATEUS;860
01/09/2026;CRECHE;MATEUS;860
01/10/2026;CRECHE;MATEUS;860
01/11/2026;CRECHE;MATEUS;860
01/12/2026;CRECHE;MATEUS;860
01/01/2027;CRECHE;MATEUS;860
01/02/2027;CRECHE;MATEUS;860
01/03/2027;CRECHE;MATEUS;860
01/04/2027;CRECHE;MATEUS;860
01/05/2027;CRECHE;MATEUS;860
01/06/2027;CRECHE;MATEUS;860
01/07/2027;CRECHE;MATEUS;860
01/08/2027;CRECHE;MATEUS;860
01/09/2027;CRECHE;MATEUS;860
01/10/2027;CRECHE;MATEUS;860
01/11/2027;CRECHE;MATEUS;860
01/12/2027;CRECHE;MATEUS;860
01/06/2026;EMPRÉSTIMO CONSIGNADO - ITAÚ;9;957,51
01/07/2026;EMPRÉSTIMO CONSIGNADO - ITAÚ;10;957,51
01/08/2026;EMPRÉSTIMO CONSIGNADO - ITAÚ;11;957,51
01/09/2026;EMPRÉSTIMO CONSIGNADO - ITAÚ;12;957,51
01/10/2026;EMPRÉSTIMO CONSIGNADO - ITAÚ;13;957,51
01/11/2026;EMPRÉSTIMO CONSIGNADO - ITAÚ;14;957,51
01/12/2026;EMPRÉSTIMO CONSIGNADO - ITAÚ;15;957,51
01/01/2027;EMPRÉSTIMO CONSIGNADO - ITAÚ;16;957,51
01/02/2027;EMPRÉSTIMO CONSIGNADO - ITAÚ;17;957,51
01/03/2027;EMPRÉSTIMO CONSIGNADO - ITAÚ;18;957,51
01/04/2027;EMPRÉSTIMO CONSIGNADO - ITAÚ;19;957,51
01/05/2027;EMPRÉSTIMO CONSIGNADO - ITAÚ;20;957,51
01/06/2027;EMPRÉSTIMO CONSIGNADO - ITAÚ;21;957,51
01/07/2027;EMPRÉSTIMO CONSIGNADO - ITAÚ;22;957,51
01/08/2027;EMPRÉSTIMO CONSIGNADO - ITAÚ;23;957,51
01/09/2027;EMPRÉSTIMO CONSIGNADO - ITAÚ;24;957,51
01/10/2027;EMPRÉSTIMO CONSIGNADO - ITAÚ;25;957,51
01/11/2027;EMPRÉSTIMO CONSIGNADO - ITAÚ;26;957,51
01/12/2027;EMPRÉSTIMO CONSIGNADO - ITAÚ;27;957,51
01/01/2028;EMPRÉSTIMO CONSIGNADO - ITAÚ;28;957,51
01/02/2028;EMPRÉSTIMO CONSIGNADO - ITAÚ;29;957,51
01/03/2028;EMPRÉSTIMO CONSIGNADO - ITAÚ;30;957,51
01/04/2028;EMPRÉSTIMO CONSIGNADO - ITAÚ;31;957,51
01/05/2028;EMPRÉSTIMO CONSIGNADO - ITAÚ;32;957,51
01/06/2028;EMPRÉSTIMO CONSIGNADO - ITAÚ;33;957,51
01/07/2028;EMPRÉSTIMO CONSIGNADO - ITAÚ;34;957,51
01/08/2028;EMPRÉSTIMO CONSIGNADO - ITAÚ;35;957,51
01/09/2028;EMPRÉSTIMO CONSIGNADO - ITAÚ;36;957,51
01/06/2026;EMPRÉSTIMO PESSOAL - NUBANK;13;0
01/07/2026;EMPRÉSTIMO PESSOAL - NUBANK;14;0
01/08/2026;EMPRÉSTIMO PESSOAL - NUBANK;15;0
01/09/2026;EMPRÉSTIMO PESSOAL - NUBANK;16;0
01/10/2026;EMPRÉSTIMO PESSOAL - NUBANK;17;0
01/11/2026;EMPRÉSTIMO PESSOAL - NUBANK;18;0
01/12/2026;EMPRÉSTIMO PESSOAL - NUBANK;19;0
01/01/2027;EMPRÉSTIMO PESSOAL - NUBANK;20;0
01/02/2027;EMPRÉSTIMO PESSOAL - NUBANK;21;1797,45
01/03/2027;EMPRÉSTIMO PESSOAL - NUBANK;22;1797,45
01/04/2027;EMPRÉSTIMO PESSOAL - NUBANK;23;1797,45
01/05/2027;EMPRÉSTIMO PESSOAL - NUBANK;24;1797,45
01/06/2027;EMPRÉSTIMO PESSOAL - NUBANK;25;1797,45
01/07/2027;EMPRÉSTIMO PESSOAL - NUBANK;26;0
01/08/2027;EMPRÉSTIMO PESSOAL - NUBANK;27;0
01/09/2027;EMPRÉSTIMO PESSOAL - NUBANK;28;0
01/10/2027;EMPRÉSTIMO PESSOAL - NUBANK;29;0
01/11/2027;EMPRÉSTIMO PESSOAL - NUBANK;30;0
01/12/2027;EMPRÉSTIMO PESSOAL - NUBANK;31;0
01/01/2028;EMPRÉSTIMO PESSOAL - NUBANK;32;0
01/02/2028;EMPRÉSTIMO PESSOAL - NUBANK;33;0
01/03/2028;EMPRÉSTIMO PESSOAL - NUBANK;34;0
01/04/2028;EMPRÉSTIMO PESSOAL - NUBANK;35;0
01/05/2028;EMPRÉSTIMO PESSOAL - NUBANK;36;0
01/06/2028;EMPRÉSTIMO PESSOAL - NUBANK;37;0
01/07/2028;EMPRÉSTIMO PESSOAL - NUBANK;38;0
01/08/2028;EMPRÉSTIMO PESSOAL - NUBANK;39;0
01/09/2028;EMPRÉSTIMO PESSOAL - NUBANK;40;0
01/10/2028;EMPRÉSTIMO PESSOAL - NUBANK;41;0
01/11/2028;EMPRÉSTIMO PESSOAL - NUBANK;42;0
01/12/2028;EMPRÉSTIMO PESSOAL - NUBANK;43;0
01/01/2029;EMPRÉSTIMO PESSOAL - NUBANK;44;0
01/02/2029;EMPRÉSTIMO PESSOAL - NUBANK;45;0
01/03/2029;EMPRÉSTIMO PESSOAL - NUBANK;46;0
01/04/2029;EMPRÉSTIMO PESSOAL - NUBANK;47;0
01/05/2029;EMPRÉSTIMO PESSOAL - NUBANK;48;0
01/06/2026;FIXO;Agua;0
01/07/2026;FIXO;Agua;120
01/08/2026;FIXO;Agua;120
01/09/2026;FIXO;Agua;120
01/10/2026;FIXO;Agua;120
01/11/2026;FIXO;Agua;120
01/12/2026;FIXO;Agua;120
01/01/2027;FIXO;Agua;120
01/02/2027;FIXO;Agua;120
01/03/2027;FIXO;Agua;120
01/04/2027;FIXO;Agua;120
01/05/2027;FIXO;Agua;120
01/06/2027;FIXO;Agua;120
01/07/2027;FIXO;Agua;120
01/08/2027;FIXO;Agua;120
01/09/2027;FIXO;Agua;120
01/10/2027;FIXO;Agua;120
01/11/2027;FIXO;Agua;120
01/12/2027;FIXO;Agua;120
01/06/2026;FIXO;Alimentação;0
01/07/2026;FIXO;Alimentação;1000
01/08/2026;FIXO;Alimentação;1500
01/09/2026;FIXO;Alimentação;1500
01/10/2026;FIXO;Alimentação;1500
01/11/2026;FIXO;Alimentação;1500
01/12/2026;FIXO;Alimentação;1500
01/01/2027;FIXO;Alimentação;1500
01/02/2027;FIXO;Alimentação;1500
01/03/2027;FIXO;Alimentação;1500
01/04/2027;FIXO;Alimentação;1500
01/05/2027;FIXO;Alimentação;1500
01/06/2027;FIXO;Alimentação;1500
01/07/2027;FIXO;Alimentação;1500
01/08/2027;FIXO;Alimentação;1500
01/09/2027;FIXO;Alimentação;1500
01/10/2027;FIXO;Alimentação;1500
01/11/2027;FIXO;Alimentação;1500
01/12/2027;FIXO;Alimentação;1500
01/06/2026;FIXO;Energia;0
01/07/2026;FIXO;Energia;260
01/08/2026;FIXO;Energia;260
01/09/2026;FIXO;Energia;260
01/10/2026;FIXO;Energia;260
01/11/2026;FIXO;Energia;260
01/12/2026;FIXO;Energia;260
01/01/2027;FIXO;Energia;260
01/02/2027;FIXO;Energia;260
01/03/2027;FIXO;Energia;260
01/04/2027;FIXO;Energia;260
01/05/2027;FIXO;Energia;260
01/06/2027;FIXO;Energia;260
01/07/2027;FIXO;Energia;260
01/08/2027;FIXO;Energia;260
01/09/2027;FIXO;Energia;260
01/10/2027;FIXO;Energia;260
01/11/2027;FIXO;Energia;260
01/12/2027;FIXO;Energia;260
01/06/2026;FIXO;Gasolina;0
01/07/2026;FIXO;Gasolina;600
01/08/2026;FIXO;Gasolina;800
01/09/2026;FIXO;Gasolina;800
01/10/2026;FIXO;Gasolina;800
01/11/2026;FIXO;Gasolina;800
01/12/2026;FIXO;Gasolina;800
01/01/2027;FIXO;Gasolina;800
01/02/2027;FIXO;Gasolina;800
01/03/2027;FIXO;Gasolina;800
01/04/2027;FIXO;Gasolina;800
01/05/2027;FIXO;Gasolina;800
01/06/2027;FIXO;Gasolina;800
01/07/2027;FIXO;Gasolina;800
01/08/2027;FIXO;Gasolina;800
01/09/2027;FIXO;Gasolina;800
01/10/2027;FIXO;Gasolina;800
01/11/2027;FIXO;Gasolina;800
01/12/2027;FIXO;Gasolina;800
01/06/2026;FIXO;Internet;0
01/07/2026;FIXO;Internet;150
01/08/2026;FIXO;Internet;150
01/09/2026;FIXO;Internet;150
01/10/2026;FIXO;Internet;150
01/11/2026;FIXO;Internet;150
01/12/2026;FIXO;Internet;150
01/01/2027;FIXO;Internet;150
01/02/2027;FIXO;Internet;150
01/03/2027;FIXO;Internet;150
01/04/2027;FIXO;Internet;150
01/05/2027;FIXO;Internet;150
01/06/2027;FIXO;Internet;150
01/07/2027;FIXO;Internet;150
01/08/2027;FIXO;Internet;150
01/09/2027;FIXO;Internet;150
01/10/2027;FIXO;Internet;150
01/11/2027;FIXO;Internet;150
01/12/2027;FIXO;Internet;150
01/06/2026;FIXO;Telefone;45
01/07/2026;FIXO;Telefone;80
01/08/2026;FIXO;Telefone;80
01/09/2026;FIXO;Telefone;80
01/10/2026;FIXO;Telefone;80
01/11/2026;FIXO;Telefone;80
01/12/2026;FIXO;Telefone;80
01/01/2027;FIXO;Telefone;80
01/02/2027;FIXO;Telefone;80
01/03/2027;FIXO;Telefone;80
01/04/2027;FIXO;Telefone;80
01/05/2027;FIXO;Telefone;80
01/06/2027;FIXO;Telefone;80
01/07/2027;FIXO;Telefone;80
01/08/2027;FIXO;Telefone;80
01/09/2027;FIXO;Telefone;80
01/10/2027;FIXO;Telefone;80
01/11/2027;FIXO;Telefone;80
01/12/2027;FIXO;Telefone;80
01/06/2026;PLANO DE SAÚDE;AMIL;0
01/07/2026;PLANO DE SAÚDE;AMIL;1600
01/08/2026;PLANO DE SAÚDE;AMIL;1600
01/09/2026;PLANO DE SAÚDE;AMIL;1600
01/10/2026;PLANO DE SAÚDE;AMIL;1600
01/11/2026;PLANO DE SAÚDE;AMIL;1600
01/12/2026;PLANO DE SAÚDE;AMIL;1600
01/01/2027;PLANO DE SAÚDE;AMIL;1600
01/02/2027;PLANO DE SAÚDE;AMIL;1600
01/03/2027;PLANO DE SAÚDE;AMIL;1600
01/04/2027;PLANO DE SAÚDE;AMIL;1600
01/05/2027;PLANO DE SAÚDE;AMIL;1600
01/06/2027;PLANO DE SAÚDE;AMIL;1600
01/07/2027;PLANO DE SAÚDE;AMIL;1600
01/08/2027;PLANO DE SAÚDE;AMIL;1600
01/09/2027;PLANO DE SAÚDE;AMIL;1600
01/10/2027;PLANO DE SAÚDE;AMIL;1600
01/11/2027;PLANO DE SAÚDE;AMIL;1600
01/12/2027;PLANO DE SAÚDE;AMIL;1600
01/06/2026;PLANO DE SAÚDE;DONA GRAÇA;0
01/07/2026;PLANO DE SAÚDE;DONA GRAÇA;265
01/08/2026;PLANO DE SAÚDE;DONA GRAÇA;265
01/09/2026;PLANO DE SAÚDE;DONA GRAÇA;265
01/10/2026;PLANO DE SAÚDE;DONA GRAÇA;265
01/11/2026;PLANO DE SAÚDE;DONA GRAÇA;265
01/12/2026;PLANO DE SAÚDE;DONA GRAÇA;265
01/01/2027;PLANO DE SAÚDE;DONA GRAÇA;265
01/02/2027;PLANO DE SAÚDE;DONA GRAÇA;265
01/03/2027;PLANO DE SAÚDE;DONA GRAÇA;265
01/04/2027;PLANO DE SAÚDE;DONA GRAÇA;265
01/05/2027;PLANO DE SAÚDE;DONA GRAÇA;265
01/06/2027;PLANO DE SAÚDE;DONA GRAÇA;265
01/07/2027;PLANO DE SAÚDE;DONA GRAÇA;265
01/08/2027;PLANO DE SAÚDE;DONA GRAÇA;265
01/09/2027;PLANO DE SAÚDE;DONA GRAÇA;265
01/10/2027;PLANO DE SAÚDE;DONA GRAÇA;265
01/11/2027;PLANO DE SAÚDE;DONA GRAÇA;265
01/12/2027;PLANO DE SAÚDE;DONA GRAÇA;265
01/06/2026;SEGURO PRUDENTIAL;SEGURO;0
01/07/2026;SEGURO PRUDENTIAL;SEGURO;0
01/08/2026;SEGURO PRUDENTIAL;SEGURO;400
01/09/2026;SEGURO PRUDENTIAL;SEGURO;400
01/10/2026;SEGURO PRUDENTIAL;SEGURO;400
01/11/2026;SEGURO PRUDENTIAL;SEGURO;400
01/12/2026;SEGURO PRUDENTIAL;SEGURO;400
01/01/2027;SEGURO PRUDENTIAL;SEGURO;400
01/02/2027;SEGURO PRUDENTIAL;SEGURO;400
01/03/2027;SEGURO PRUDENTIAL;SEGURO;400
01/04/2027;SEGURO PRUDENTIAL;SEGURO;400
01/05/2027;SEGURO PRUDENTIAL;SEGURO;400
01/06/2027;SEGURO PRUDENTIAL;SEGURO;400
01/07/2027;SEGURO PRUDENTIAL;SEGURO;400
01/08/2027;SEGURO PRUDENTIAL;SEGURO;400
01/09/2027;SEGURO PRUDENTIAL;SEGURO;400
01/10/2027;SEGURO PRUDENTIAL;SEGURO;400
01/11/2027;SEGURO PRUDENTIAL;SEGURO;400
01/12/2027;SEGURO PRUDENTIAL;SEGURO;400
01/01/2028;SEGURO PRUDENTIAL;SEGURO;400
01/02/2028;SEGURO PRUDENTIAL;SEGURO;400
01/03/2028;SEGURO PRUDENTIAL;SEGURO;400
01/04/2028;SEGURO PRUDENTIAL;SEGURO;400
01/05/2028;SEGURO PRUDENTIAL;SEGURO;400
01/06/2028;SEGURO PRUDENTIAL;SEGURO;400
01/07/2028;SEGURO PRUDENTIAL;SEGURO;400
01/08/2028;SEGURO PRUDENTIAL;SEGURO;400
01/09/2028;SEGURO PRUDENTIAL;SEGURO;400
01/10/2028;SEGURO PRUDENTIAL;SEGURO;400
01/11/2028;SEGURO PRUDENTIAL;SEGURO;400
01/12/2028;SEGURO PRUDENTIAL;SEGURO;400
01/01/2029;SEGURO PRUDENTIAL;SEGURO;400
01/02/2029;SEGURO PRUDENTIAL;SEGURO;400
01/03/2029;SEGURO PRUDENTIAL;SEGURO;400
01/04/2029;SEGURO PRUDENTIAL;SEGURO;400
01/05/2029;SEGURO PRUDENTIAL;SEGURO;400
01/06/2029;SEGURO PRUDENTIAL;SEGURO;400
01/07/2029;SEGURO PRUDENTIAL;SEGURO;400
01/08/2029;SEGURO PRUDENTIAL;SEGURO;400
01/09/2029;SEGURO PRUDENTIAL;SEGURO;400
01/10/2029;SEGURO PRUDENTIAL;SEGURO;400
01/11/2029;SEGURO PRUDENTIAL;SEGURO;400
01/12/2029;SEGURO PRUDENTIAL;SEGURO;400
01/01/2030;SEGURO PRUDENTIAL;SEGURO;400
01/02/2030;SEGURO PRUDENTIAL;SEGURO;400
01/03/2030;SEGURO PRUDENTIAL;SEGURO;400
01/04/2030;SEGURO PRUDENTIAL;SEGURO;400
01/05/2030;SEGURO PRUDENTIAL;SEGURO;400
01/06/2030;SEGURO PRUDENTIAL;SEGURO;400
01/07/2030;SEGURO PRUDENTIAL;SEGURO;400
01/08/2030;SEGURO PRUDENTIAL;SEGURO;400
01/09/2030;SEGURO PRUDENTIAL;SEGURO;400
01/10/2030;SEGURO PRUDENTIAL;SEGURO;400
01/11/2030;SEGURO PRUDENTIAL;SEGURO;400
01/12/2030;SEGURO PRUDENTIAL;SEGURO;400
01/01/2031;SEGURO PRUDENTIAL;SEGURO;400
01/02/2031;SEGURO PRUDENTIAL;SEGURO;400
01/03/2031;SEGURO PRUDENTIAL;SEGURO;400
01/04/2031;SEGURO PRUDENTIAL;SEGURO;400
01/05/2031;SEGURO PRUDENTIAL;SEGURO;400
01/06/2031;SEGURO PRUDENTIAL;SEGURO;400
01/07/2031;SEGURO PRUDENTIAL;SEGURO;400
01/08/2031;SEGURO PRUDENTIAL;SEGURO;400
01/09/2031;SEGURO PRUDENTIAL;SEGURO;400
01/10/2031;SEGURO PRUDENTIAL;SEGURO;400
01/11/2031;SEGURO PRUDENTIAL;SEGURO;400
01/12/2031;SEGURO PRUDENTIAL;SEGURO;400
01/01/2032;SEGURO PRUDENTIAL;SEGURO;400
01/02/2032;SEGURO PRUDENTIAL;SEGURO;400
01/03/2032;SEGURO PRUDENTIAL;SEGURO;400
01/04/2032;SEGURO PRUDENTIAL;SEGURO;400
01/05/2032;SEGURO PRUDENTIAL;SEGURO;400
01/06/2032;SEGURO PRUDENTIAL;SEGURO;400
01/07/2032;SEGURO PRUDENTIAL;SEGURO;400
01/08/2032;SEGURO PRUDENTIAL;SEGURO;400
01/09/2032;SEGURO PRUDENTIAL;SEGURO;400
01/10/2032;SEGURO PRUDENTIAL;SEGURO;400
01/11/2032;SEGURO PRUDENTIAL;SEGURO;400
01/12/2032;SEGURO PRUDENTIAL;SEGURO;400
01/01/2033;SEGURO PRUDENTIAL;SEGURO;400
01/02/2033;SEGURO PRUDENTIAL;SEGURO;400
01/03/2033;SEGURO PRUDENTIAL;SEGURO;400
01/04/2033;SEGURO PRUDENTIAL;SEGURO;400
01/05/2033;SEGURO PRUDENTIAL;SEGURO;400
01/06/2033;SEGURO PRUDENTIAL;SEGURO;400
01/07/2033;SEGURO PRUDENTIAL;SEGURO;400
01/08/2033;SEGURO PRUDENTIAL;SEGURO;400
01/09/2033;SEGURO PRUDENTIAL;SEGURO;400
01/10/2033;SEGURO PRUDENTIAL;SEGURO;400
01/11/2033;SEGURO PRUDENTIAL;SEGURO;400
01/12/2033;SEGURO PRUDENTIAL;SEGURO;400
01/01/2034;SEGURO PRUDENTIAL;SEGURO;400
01/02/2034;SEGURO PRUDENTIAL;SEGURO;400
01/03/2034;SEGURO PRUDENTIAL;SEGURO;400
01/04/2034;SEGURO PRUDENTIAL;SEGURO;400
01/05/2034;SEGURO PRUDENTIAL;SEGURO;400
01/06/2034;SEGURO PRUDENTIAL;SEGURO;400
01/07/2034;SEGURO PRUDENTIAL;SEGURO;400
01/08/2034;SEGURO PRUDENTIAL;SEGURO;400
01/09/2034;SEGURO PRUDENTIAL;SEGURO;400
01/10/2034;SEGURO PRUDENTIAL;SEGURO;400
01/11/2034;SEGURO PRUDENTIAL;SEGURO;400
01/12/2034;SEGURO PRUDENTIAL;SEGURO;400
01/01/2035;SEGURO PRUDENTIAL;SEGURO;400
01/02/2035;SEGURO PRUDENTIAL;SEGURO;400
01/03/2035;SEGURO PRUDENTIAL;SEGURO;400
01/04/2035;SEGURO PRUDENTIAL;SEGURO;400
01/05/2035;SEGURO PRUDENTIAL;SEGURO;400
01/06/2035;SEGURO PRUDENTIAL;SEGURO;400
01/07/2035;SEGURO PRUDENTIAL;SEGURO;400
01/08/2035;SEGURO PRUDENTIAL;SEGURO;400
01/09/2035;SEGURO PRUDENTIAL;SEGURO;400
01/10/2035;SEGURO PRUDENTIAL;SEGURO;400
01/11/2035;SEGURO PRUDENTIAL;SEGURO;400
01/12/2035;SEGURO PRUDENTIAL;SEGURO;400
01/01/2036;SEGURO PRUDENTIAL;SEGURO;400
01/02/2036;SEGURO PRUDENTIAL;SEGURO;400
01/03/2036;SEGURO PRUDENTIAL;SEGURO;400
01/04/2036;SEGURO PRUDENTIAL;SEGURO;400
01/05/2036;SEGURO PRUDENTIAL;SEGURO;400
01/06/2036;SEGURO PRUDENTIAL;SEGURO;400
01/07/2036;SEGURO PRUDENTIAL;SEGURO;400
01/08/2036;SEGURO PRUDENTIAL;SEGURO;400
01/09/2036;SEGURO PRUDENTIAL;SEGURO;400
01/10/2036;SEGURO PRUDENTIAL;SEGURO;400
01/11/2036;SEGURO PRUDENTIAL;SEGURO;400
01/12/2036;SEGURO PRUDENTIAL;SEGURO;400
01/01/2037;SEGURO PRUDENTIAL;SEGURO;400
01/02/2037;SEGURO PRUDENTIAL;SEGURO;400
01/03/2037;SEGURO PRUDENTIAL;SEGURO;400
01/04/2037;SEGURO PRUDENTIAL;SEGURO;400
01/05/2037;SEGURO PRUDENTIAL;SEGURO;400
01/06/2037;SEGURO PRUDENTIAL;SEGURO;400
01/07/2037;SEGURO PRUDENTIAL;SEGURO;400
01/08/2037;SEGURO PRUDENTIAL;SEGURO;400
01/09/2037;SEGURO PRUDENTIAL;SEGURO;400
01/10/2037;SEGURO PRUDENTIAL;SEGURO;400
01/11/2037;SEGURO PRUDENTIAL;SEGURO;400
01/12/2037;SEGURO PRUDENTIAL;SEGURO;400
01/01/2038;SEGURO PRUDENTIAL;SEGURO;400
01/02/2038;SEGURO PRUDENTIAL;SEGURO;400
01/03/2038;SEGURO PRUDENTIAL;SEGURO;400
01/04/2038;SEGURO PRUDENTIAL;SEGURO;400
01/05/2038;SEGURO PRUDENTIAL;SEGURO;400
01/06/2038;SEGURO PRUDENTIAL;SEGURO;400
01/07/2038;SEGURO PRUDENTIAL;SEGURO;400
01/08/2038;SEGURO PRUDENTIAL;SEGURO;400
01/09/2038;SEGURO PRUDENTIAL;SEGURO;400
01/10/2038;SEGURO PRUDENTIAL;SEGURO;400
01/11/2038;SEGURO PRUDENTIAL;SEGURO;400
01/12/2038;SEGURO PRUDENTIAL;SEGURO;400
01/01/2039;SEGURO PRUDENTIAL;SEGURO;400
01/02/2039;SEGURO PRUDENTIAL;SEGURO;400
01/03/2039;SEGURO PRUDENTIAL;SEGURO;400
01/04/2039;SEGURO PRUDENTIAL;SEGURO;400
01/05/2039;SEGURO PRUDENTIAL;SEGURO;400
01/06/2039;SEGURO PRUDENTIAL;SEGURO;400
01/07/2039;SEGURO PRUDENTIAL;SEGURO;400
01/08/2039;SEGURO PRUDENTIAL;SEGURO;400
01/09/2039;SEGURO PRUDENTIAL;SEGURO;400
01/10/2039;SEGURO PRUDENTIAL;SEGURO;400
01/11/2039;SEGURO PRUDENTIAL;SEGURO;400
01/12/2039;SEGURO PRUDENTIAL;SEGURO;400
01/01/2040;SEGURO PRUDENTIAL;SEGURO;400
01/02/2040;SEGURO PRUDENTIAL;SEGURO;400
01/03/2040;SEGURO PRUDENTIAL;SEGURO;400
01/04/2040;SEGURO PRUDENTIAL;SEGURO;400
01/05/2040;SEGURO PRUDENTIAL;SEGURO;400
01/06/2040;SEGURO PRUDENTIAL;SEGURO;400
01/07/2040;SEGURO PRUDENTIAL;SEGURO;400
01/08/2040;SEGURO PRUDENTIAL;SEGURO;400
01/09/2040;SEGURO PRUDENTIAL;SEGURO;400
01/10/2040;SEGURO PRUDENTIAL;SEGURO;400
01/11/2040;SEGURO PRUDENTIAL;SEGURO;400
01/12/2040;SEGURO PRUDENTIAL;SEGURO;400
01/01/2041;SEGURO PRUDENTIAL;SEGURO;400
01/02/2041;SEGURO PRUDENTIAL;SEGURO;400
01/03/2041;SEGURO PRUDENTIAL;SEGURO;400
01/04/2041;SEGURO PRUDENTIAL;SEGURO;400
01/05/2041;SEGURO PRUDENTIAL;SEGURO;400
01/06/2041;SEGURO PRUDENTIAL;SEGURO;400
01/07/2041;SEGURO PRUDENTIAL;SEGURO;400
01/08/2041;SEGURO PRUDENTIAL;SEGURO;400
01/09/2041;SEGURO PRUDENTIAL;SEGURO;400
01/10/2041;SEGURO PRUDENTIAL;SEGURO;400
01/11/2041;SEGURO PRUDENTIAL;SEGURO;400
01/12/2041;SEGURO PRUDENTIAL;SEGURO;400
01/01/2042;SEGURO PRUDENTIAL;SEGURO;400
01/02/2042;SEGURO PRUDENTIAL;SEGURO;400
01/03/2042;SEGURO PRUDENTIAL;SEGURO;400
01/04/2042;SEGURO PRUDENTIAL;SEGURO;400
01/05/2042;SEGURO PRUDENTIAL;SEGURO;400
01/06/2042;SEGURO PRUDENTIAL;SEGURO;400
01/07/2042;SEGURO PRUDENTIAL;SEGURO;400
01/08/2042;SEGURO PRUDENTIAL;SEGURO;400
01/09/2042;SEGURO PRUDENTIAL;SEGURO;400
01/10/2042;SEGURO PRUDENTIAL;SEGURO;400
01/11/2042;SEGURO PRUDENTIAL;SEGURO;400
01/12/2042;SEGURO PRUDENTIAL;SEGURO;400
01/01/2043;SEGURO PRUDENTIAL;SEGURO;400
01/02/2043;SEGURO PRUDENTIAL;SEGURO;400
01/03/2043;SEGURO PRUDENTIAL;SEGURO;400
01/04/2043;SEGURO PRUDENTIAL;SEGURO;400
01/05/2043;SEGURO PRUDENTIAL;SEGURO;400
01/06/2043;SEGURO PRUDENTIAL;SEGURO;400
01/07/2043;SEGURO PRUDENTIAL;SEGURO;400
01/08/2043;SEGURO PRUDENTIAL;SEGURO;400
01/09/2043;SEGURO PRUDENTIAL;SEGURO;400
01/10/2043;SEGURO PRUDENTIAL;SEGURO;400
01/11/2043;SEGURO PRUDENTIAL;SEGURO;400
01/12/2043;SEGURO PRUDENTIAL;SEGURO;400
01/01/2044;SEGURO PRUDENTIAL;SEGURO;400
01/02/2044;SEGURO PRUDENTIAL;SEGURO;400
01/03/2044;SEGURO PRUDENTIAL;SEGURO;400
01/04/2044;SEGURO PRUDENTIAL;SEGURO;400
01/05/2044;SEGURO PRUDENTIAL;SEGURO;400
01/06/2044;SEGURO PRUDENTIAL;SEGURO;400
01/07/2044;SEGURO PRUDENTIAL;SEGURO;400
01/08/2044;SEGURO PRUDENTIAL;SEGURO;400
01/09/2044;SEGURO PRUDENTIAL;SEGURO;400
01/10/2044;SEGURO PRUDENTIAL;SEGURO;400
01/11/2044;SEGURO PRUDENTIAL;SEGURO;400
01/12/2044;SEGURO PRUDENTIAL;SEGURO;400
01/01/2045;SEGURO PRUDENTIAL;SEGURO;400
01/02/2045;SEGURO PRUDENTIAL;SEGURO;400
01/03/2045;SEGURO PRUDENTIAL;SEGURO;400
01/04/2045;SEGURO PRUDENTIAL;SEGURO;400
01/05/2045;SEGURO PRUDENTIAL;SEGURO;400
01/06/2045;SEGURO PRUDENTIAL;SEGURO;400
01/07/2045;SEGURO PRUDENTIAL;SEGURO;400
01/08/2045;SEGURO PRUDENTIAL;SEGURO;400
01/09/2045;SEGURO PRUDENTIAL;SEGURO;400
01/10/2045;SEGURO PRUDENTIAL;SEGURO;400
01/11/2045;SEGURO PRUDENTIAL;SEGURO;400
01/12/2045;SEGURO PRUDENTIAL;SEGURO;400
01/01/2046;SEGURO PRUDENTIAL;SEGURO;400
01/02/2046;SEGURO PRUDENTIAL;SEGURO;400
01/03/2046;SEGURO PRUDENTIAL;SEGURO;400
01/04/2046;SEGURO PRUDENTIAL;SEGURO;400
01/05/2046;SEGURO PRUDENTIAL;SEGURO;400
01/06/2046;SEGURO PRUDENTIAL;SEGURO;400
01/07/2046;SEGURO PRUDENTIAL;SEGURO;400
01/08/2046;SEGURO PRUDENTIAL;SEGURO;400
01/09/2046;SEGURO PRUDENTIAL;SEGURO;400
01/10/2046;SEGURO PRUDENTIAL;SEGURO;400
01/06/2026;SUAVE PELE;MEI;0
01/07/2026;SUAVE PELE;MEI;80
01/08/2026;SUAVE PELE;MEI;80
01/09/2026;SUAVE PELE;MEI;80
01/10/2026;SUAVE PELE;MEI;80
01/11/2026;SUAVE PELE;MEI;80
01/12/2026;SUAVE PELE;MEI;80
01/01/2027;SUAVE PELE;MEI;80
01/02/2027;SUAVE PELE;MEI;80
01/03/2027;SUAVE PELE;MEI;80
01/04/2027;SUAVE PELE;MEI;80
01/05/2027;SUAVE PELE;MEI;80
01/06/2027;SUAVE PELE;MEI;80
01/07/2027;SUAVE PELE;MEI;80
01/08/2027;SUAVE PELE;MEI;80
01/09/2027;SUAVE PELE;MEI;80
01/10/2027;SUAVE PELE;MEI;80
01/11/2027;SUAVE PELE;MEI;80
01/12/2027;SUAVE PELE;MEI;80
01/06/2026;SAÚDE;BLUEFIT + WELLHUB;0
01/07/2026;SAÚDE;BLUEFIT + WELLHUB;190
01/08/2026;SAÚDE;BLUEFIT + WELLHUB;349
01/09/2026;SAÚDE;BLUEFIT + WELLHUB;349
01/10/2026;SAÚDE;BLUEFIT + WELLHUB;349
01/11/2026;SAÚDE;BLUEFIT + WELLHUB;349
01/12/2026;SAÚDE;BLUEFIT + WELLHUB;349
01/01/2027;SAÚDE;BLUEFIT + WELLHUB;349
01/02/2027;SAÚDE;BLUEFIT + WELLHUB;349
01/03/2027;SAÚDE;BLUEFIT + WELLHUB;349
01/04/2027;SAÚDE;BLUEFIT + WELLHUB;349
01/05/2027;SAÚDE;BLUEFIT + WELLHUB;349
01/06/2027;SAÚDE;BLUEFIT + WELLHUB;349
01/07/2027;SAÚDE;BLUEFIT + WELLHUB;349
01/08/2027;SAÚDE;BLUEFIT + WELLHUB;349
01/09/2027;SAÚDE;BLUEFIT + WELLHUB;349
01/10/2027;SAÚDE;BLUEFIT + WELLHUB;349
01/11/2027;SAÚDE;BLUEFIT + WELLHUB;349
01/12/2027;SAÚDE;BLUEFIT + WELLHUB;349
01/06/2026;Receita;Receita;0
01/07/2026;Receita;Receita;1100
01/08/2026;Receita;Receita;1100
01/09/2026;Receita;Receita;1100
01/10/2026;Receita;Receita;1100
01/11/2026;Receita;Receita;1100
01/12/2026;Receita;Receita;1100
01/07/2026;Itaú;Receita;83,5
01/08/2026;Itaú;Receita;83,5
01/09/2026;Itaú;Receita;30,01
